Sample	Warning_from_VEP_output	Corresponding_Line_from_Dias_extract_file	Vep_output_warning_file	Dias_extract_file
2910234	WARNING: Length of reference allele (TCAGA length 5) does not match co-ordinates 29447409-29447421 on line 1
	1	29447409	29447421	TCAGA/-	+	1,37,29447409,29447421,TCAGA,-,,1,51,2910234,COSM10047128,,42335,-	part2_annotation/grch37_vep_output_sample_126/2910234.GRCh37.vep.out.tsv_warnings.txt	part2_annotation/grch37_dias_extract_sample_126/2910234.GRCh37.tsv
2869929	WARNING: Length of reference allele (CC length 2) does not match co-ordinates 98218696-98218696 on line 149
	9	98218696	98218696	CC/TT	+	9,37,98218696,98218696,CC,TT,,1,51,2869929,COSM144246,,41131,-	part2_annotation/grch37_vep_output_sample_126/2869929.GRCh37.vep.out.tsv_warnings.txt	part2_annotation/grch37_dias_extract_sample_126/2869929.GRCh37.tsv
907313	WARNING: Length of reference allele (GGCTCCCGGGTTCCCAGATCTCTTCAT length 27) does not match co-ordinates 17494914-17494944 on line 817
	17	17494914	17494944	GGCTCCCGGGTTCCCAGATCTCTTCAT/-	+	17,37,17494914,17494944,GGCTCCCGGGTTCCCAGATCTCTTCAT,-,50,5,51,907313,COSM2740158,619,,-	part2_annotation/grch37_vep_output_sample_126/907313.GRCh37.vep.out.tsv_warnings.txt	part2_annotation/grch37_dias_extract_sample_126/907313.GRCh37.tsv
909698	WARNING: Length of reference allele (AA length 2) does not match co-ordinates 70747694-70747701 on line 2339
	12	70747694	70747701	AA/-	+	12,37,70747694,70747701,AA,-,50,5,50,909698,COSM2100437,619,,-	part2_annotation/grch37_vep_output_sample_126/909698.GRCh37.vep.out.tsv_warnings.txt	part2_annotation/grch37_dias_extract_sample_126/909698.GRCh37.tsv
909698	WARNING: Length of reference allele (GCTCTGA length 7) does not match co-ordinates 38679764-38679787 on line 2902
	14	38679764	38679787	GCTCTGA/-	+	14,37,38679764,38679787,GCTCTGA,-,50,5,51,909698,COSM2196693,619,,-	part2_annotation/grch37_vep_output_sample_126/909698.GRCh37.vep.out.tsv_warnings.txt	part2_annotation/grch37_dias_extract_sample_126/909698.GRCh37.tsv
910781	WARNING: Length of reference allele (AA length 2) does not match co-ordinates 70747694-70747701 on line 1972
	12	70747694	70747701	AA/-	+	12,37,70747694,70747701,AA,-,50,5,50,910781,COSM2100437,619,,-	part2_annotation/grch37_vep_output_sample_126/910781.GRCh37.vep.out.tsv_warnings.txt	part2_annotation/grch37_dias_extract_sample_126/910781.GRCh37.tsv
909753	WARNING: Length of reference allele (AAGTGGGGCTGCAGGATTGCCCCAGTTTTCAGACCTGTTTCTAATCCAGAGAGGAGAGTCACAGTGCCACTGTCCCCAGGCAGGCAGCACAGTGATCTTTCTAGACATCTCCTCTTCCTTTTTTTTTTTTTTTTTTTTTGAGACAGAGTCTCGCTCTGTCGCCCAGACTAGGGTGCAATAGCACGATCTTGGCTTACTGCAACCTCCACCTCCCAGGTTCAAGCGATTCTCCGGCCTCAGCCTCTTGAGTAGCTGGGATTACAGGCACCCACCATCATGCCGAGCTAATTTCTGTATTTTTGTAGAGATGGGGTTTCACCGTGTTTGCCAGGCTGGTCTCGAACTCCTGACCTCAGGTGATCCACCCGCCTCAGCCTCCCAAAGTGCTGGCATTACAGGCGTGAGCCACCACGCCCAGCCTCCCCTTACTATTTTGTAAGAGGCTTTTGAGAAACAATCCAAGCCCTTACTACCTTAGTTCCTCCTAGAGTTGACTGCACCTCTCGGTTAATGTTGAAGTTTCTGTGGCTCGTCATCTCTGCCTAACTATGCAATTCATTCACTGTTGTATTGGGTTTTTCTGTTTCTTTGTCTATTTGTTTTAGGAAAAAATAGCCCAAAGCTCACTGTGTAATTAG length 638) does not match co-ordinates 62189926-62191454 on line 201
	11	62189926	62191454	AAGTGGGGCTGCAGGATTGCCCCAGTTTTCAGACCTGTTTCTAATCCAGAGAGGAGAGTCACAGTGCCACTGTCCCCAGGCAGGCAGCACAGTGATCTTTCTAGACATCTCCTCTTCCTTTTTTTTTTTTTTTTTTTTTGAGACAGAGTCTCGCTCTGTCGCCCAGACTAGGGTGCAATAGCACGATCTTGGCTTACTGCAACCTCCACCTCCCAGGTTCAAGCGATTCTCCGGCCTCAGCCTCTTGAGTAGCTGGGATTACAGGCACCCACCATCATGCCGAGCTAATTTCTGTATTTTTGTAGAGATGGGGTTTCACCGTGTTTGCCAGGCTGGTCTCGAACTCCTGACCTCAGGTGATCCACCCGCCTCAGCCTCCCAAAGTGCTGGCATTACAGGCGTGAGCCACCACGCCCAGCCTCCCCTTACTATTTTGTAAGAGGCTTTTGAGAAACAATCCAAGCCCTTACTACCTTAGTTCCTCCTAGAGTTGACTGCACCTCTCGGTTAATGTTGAAGTTTCTGTGGCTCGTCATCTCTGCCTAACTATGCAATTCATTCACTGTTGTATTGGGTTTTTCTGTTTCTTTGTCTATTTGTTTTAGGAAAAAATAGCCCAAAGCTCACTGTGTAATTAG/GGCCG	+	11,37,62189926,62191454,AAGTGGGGCTGCAGGATTGCCCCAGTTTTCAGACCTGTTTCTAATCCAGAGAGGAGAGTCACAGTGCCACTGTCCCCAGGCAGGCAGCACAGTGATCTTTCTAGACATCTCCTCTTCCTTTTTTTTTTTTTTTTTTTTTGAGACAGAGTCTCGCTCTGTCGCCCAGACTAGGGTGCAATAGCACGATCTTGGCTTACTGCAACCTCCACCTCCCAGGTTCAAGCGATTCTCCGGCCTCAGCCTCTTGAGTAGCTGGGATTACAGGCACCCACCATCATGCCGAGCTAATTTCTGTATTTTTGTAGAGATGGGGTTTCACCGTGTTTGCCAGGCTGGTCTCGAACTCCTGACCTCAGGTGATCCACCCGCCTCAGCCTCCCAAAGTGCTGGCATTACAGGCGTGAGCCACCACGCCCAGCCTCCCCTTACTATTTTGTAAGAGGCTTTTGAGAAACAATCCAAGCCCTTACTACCTTAGTTCCTCCTAGAGTTGACTGCACCTCTCGGTTAATGTTGAAGTTTCTGTGGCTCGTCATCTCTGCCTAACTATGCAATTCATTCACTGTTGTATTGGGTTTTTCTGTTTCTTTGTCTATTTGTTTTAGGAAAAAATAGCCCAAAGCTCACTGTGTAATTAG,GGCCG,50,5,51,909753,COSM2038373,619,,-	part2_annotation/grch37_vep_output_sample_126/909753.GRCh37.vep.out.tsv_warnings.txt	part2_annotation/grch37_dias_extract_sample_126/909753.GRCh37.tsv
1201903	WARNING: Length of reference allele (GGAGGA length 6) does not match co-ordinates 170837553-170837557 on line 1
	5	170837553	170837557	GGAGGA/-	+	5,37,170837553,170837557,GGAGGA,-,50,5,51,1201903,COSM29475,,21523,-	part2_annotation/grch37_vep_output_sample_126/1201903.GRCh37.vep.out.tsv_warnings.txt	part2_annotation/grch37_dias_extract_sample_126/1201903.GRCh37.tsv
2824110	WARNING: Length of reference allele (AT length 2) does not match co-ordinates 128841502-128841508 on line 95
	6	128841502	128841508	AT/-	+	6,37,128841502,128841508,AT,-,,1,50,2824110,COSM9279193,,47301,-	part2_annotation/grch37_vep_output_sample_126/2824110.GRCh37.vep.out.tsv_warnings.txt	part2_annotation/grch37_dias_extract_sample_126/2824110.GRCh37.tsv
